{
  "100:mean_train_mse": 59.03539413905207,
  "100:mean_test_mse": 56.70033794560302,
  "100:min_train_mse": 0.022724213495285556,
  "100:min_test_mse": 0.03090126066501261,
  "100:train_mse_factor_0": 0.08566399089049202,
  "100:test_mse_factor_0": 0.08595540441044656,
  "100:train_mse_factor_1": 0.08978518646660945,
  "100:test_mse_factor_1": 0.07213382787906547,
  "100:train_mse_factor_2": 0.0715041202625436,
  "100:test_mse_factor_2": 0.08748183340055914,
  "100:train_mse_factor_3": 0.022724213495285556,
  "100:test_mse_factor_3": 0.03090126066501261,
  "100:train_mse_factor_4": 1.2099376747863753,
  "100:test_mse_factor_4": 1.3316842498681642,
  "100:train_mse_factor_5": 352.73274964841113,
  "100:test_mse_factor_5": 338.59387109739487,
  "elapsed_time": 55.15242290496826,
  "uuid": "879c3bb9-59c7-4a2a-b3dc-0610d2343485"
}