{
  "elbo": -97.63609313964844,
  "kl_loss": 25.375110626220703,
  "loss": 97.63609313964844,
  "reconstruction_loss": 72.26087188720703,
  "regularizer": 25.375110626220703,
  "global_step": 100000,
  "elapsed_time": 19091.42657160759,
  "uuid": "f37e8a9d-1c87-4ec1-b207-c4fdb588111d"
}