{
  "loss": 1955.474365234375,
  "reconstruction_loss": 1955.474365234375,
  "global_step": 5,
  "elapsed_time": 43.26402449607849,
  "uuid": "194debbc-52fb-4524-9f94-f35356735502"
}