{
  "nhoods": [
    3,
    5
  ],

  "gt_generated_recall": [
    0.0,
    0.0
  ],
  "decoded_gt_generated_recall": [
    1.0,
    1.0
  ],
  "0_fix_one_vs_prior_generated_recall": [
    1.0,
    1.0
  ],
  "0_fix_one_vs_prior_decoded_gt_recall": [
    1.0,
    1.0
  ],
  "0_fix_all_but_one_vs_prior_generated_recall": [
    0.4141,
    0.4141
  ],
  "0_fix_all_but_one_vs_prior_decoded_gt_recall": [
    0.42956470588235296,
    0.42956470588235296
  ],
  "1_fix_one_vs_prior_generated_recall": [
    1.0,
    1.0
  ],
  "1_fix_one_vs_prior_decoded_gt_recall": [
    1.0,
    1.0
  ],

  "1_fix_all_but_one_vs_prior_generated_recall": [
    0.3645294117647059,
    0.3645294117647059
  ],

  "1_fix_all_but_one_vs_prior_decoded_gt_recall": [
    0.3836176470588235,
    0.3836176470588235
  ],

  "2_fix_one_vs_prior_generated_recall": [
    1.0,
    1.0
  ],

  "2_fix_one_vs_prior_decoded_gt_recall": [
    1.0,
    1.0
  ],

  "2_fix_all_but_one_vs_prior_generated_recall": [
    0.31938823529411764,
    0.31938823529411764
  ],

  "2_fix_all_but_one_vs_prior_decoded_gt_recall": [
    0.3352764705882353,
    0.3352764705882353
  ],

  "3_fix_one_vs_prior_generated_recall": [
    0.9804823529411764,
    0.9804823529411764
  ],

  "3_fix_one_vs_prior_decoded_gt_recall": [
    0.9038764705882352,
    0.9038764705882352
  ],

  "3_fix_all_but_one_vs_prior_generated_recall": [
    0.6430176470588236,
    0.6430176470588236
  ],

  "3_fix_all_but_one_vs_prior_decoded_gt_recall": [
    0.6544470588235296,
    0.6544470588235296
  ],

  "4_fix_one_vs_prior_generated_recall": [
    1.0,
    1.0
  ],

  "4_fix_one_vs_prior_decoded_gt_recall": [
    1.0,
    1.0
  ],
  "4_fix_all_but_one_vs_prior_generated_recall": [
    0.32221176470588236,
    0.32221176470588236
  ],
 
  "4_fix_all_but_one_vs_prior_decoded_gt_recall": [
    0.3341823529411765,
    0.3341823529411765
  ],
  "5_fix_one_vs_prior_generated_recall": [
    1.0,
    1.0
  ],
  "5_fix_one_vs_prior_decoded_gt_recall": [
    1.0,
    1.0
  ],
  "5_fix_all_but_one_vs_prior_generated_recall": [
    0.3371176470588236,
    0.3371176470588236
  ],
  "5_fix_all_but_one_vs_prior_decoded_gt_recall": [
    0.3666705882352942,
    0.3666705882352942
  ],
  "6_fix_one_vs_prior_generated_recall": [
    1.0,
    1.0
  ],
  
  "6_fix_one_vs_prior_decoded_gt_recall": [
    1.0,
    1.0
  ],
  
  "6_fix_all_but_one_vs_prior_generated_recall": [
    0.31914705882352945,
    0.31914705882352945
  ],
  
  "6_fix_all_but_one_vs_prior_decoded_gt_recall": [
    0.34609999999999996,
    0.34609999999999996
  ],
  
  "7_fix_one_vs_prior_generated_recall": [
    1.0,
    1.0
  ],
  
  "7_fix_one_vs_prior_decoded_gt_recall": [
    1.0,
    1.0
  ],
  
  "7_fix_all_but_one_vs_prior_generated_recall": [
    0.3153058823529412,
    0.3153058823529412
  ],
  
  "7_fix_all_but_one_vs_prior_decoded_gt_recall": [
    0.3375235294117648,
    0.3375235294117648
  ],
  
  "8_fix_one_vs_prior_generated_recall": [
    0.8235588235294118,
    0.8235588235294118
  ],
  
  "8_fix_one_vs_prior_decoded_gt_recall": [
    0.788264705882353,
    0.788264705882353
  ],
  
  "8_fix_all_but_one_vs_prior_generated_recall": [
    0.8664647058823529,
    0.8664647058823529
  ],
  
  "8_fix_all_but_one_vs_prior_decoded_gt_recall": [
    0.8101058823529412,
    0.8101058823529412
  ],
  
  "9_fix_one_vs_prior_generated_recall": [
    1.0,
    1.0
  ],
  
  "9_fix_one_vs_prior_decoded_gt_recall": [
    1.0,
    1.0
  ],
  
  "9_fix_all_but_one_vs_prior_generated_recall": [
    0.3697529411764706,
    0.3697529411764706
  ],
  
  "9_fix_all_but_one_vs_prior_decoded_gt_recall": [
    0.39126470588235296,
    0.39126470588235296
  ],
  "elapsed_time": 38877.04063940048,
  "uuid": "461afc36-e4ec-43be-b4bb-c3350adf532c"
}