{
  "elbo": -1934.3111572265625,
  "kl_loss": 0.009017353877425194,
  "loss": 1934.3111572265625,
  "reconstruction_loss": 1934.30126953125,
  "regularizer": 0.009017353877425194,
  "global_step": 5,
  "elapsed_time": 62.37285566329956,
  "uuid": "44af83d5-ccd7-4c20-b05a-51417dd48889"
}